{"cameraMode":{"drawMode":0,"name":"Shaded","section":"Shading Mode"},"sceneLighting":false,"audioPlay":false,"sceneViewState":{"showFog":true,"showMaterialUpdate":false,"showSkybox":true,"showFlares":true,"showImageEffects":true,"showParticleSystems":true},"in2DMode":false,"pivot":{"x":1.4362444877624512,"y":-1.0702927112579346,"z":1.088880181312561},"rotation":{"x":0.2486298680305481,"y":0.4752507209777832,"z":-0.1420270949602127,"w":0.8319714069366455},"size":8.742846488952637,"orthographic":false}