{"cameraMode":{"drawMode":0,"name":"Shaded","section":"Shading Mode"},"sceneLighting":true,"audioPlay":false,"sceneViewState":{"showFog":true,"showMaterialUpdate":false,"showSkybox":true,"showFlares":true,"showImageEffects":true,"showParticleSystems":true},"in2DMode":false,"pivot":{"x":-3.2759623527526857,"y":4.589200973510742,"z":-1.1916542053222657},"rotation":{"x":-0.2356611043214798,"y":0.7615733742713928,"z":-0.3881089985370636,"w":-0.46242985129356387},"size":21.35528564453125,"orthographic":false}