{"cameraMode":{"drawMode":0,"name":"Shaded","section":"Shading Mode"},"sceneLighting":false,"audioPlay":false,"sceneViewState":{"showFog":true,"showMaterialUpdate":false,"showSkybox":true,"showFlares":true,"showImageEffects":true,"showParticleSystems":true},"in2DMode":false,"pivot":{"x":-0.2345268577337265,"y":4.964101791381836,"z":-1.7539139986038209},"rotation":{"x":0.5775877237319946,"y":0.20908471941947938,"z":-0.15612639486789704,"w":0.7734988927841187},"size":14.523387908935547,"orthographic":true}