{"cameraMode":{"drawMode":0,"name":"Shaded","section":"Shading Mode"},"sceneLighting":false,"audioPlay":false,"sceneViewState":{"showFog":true,"showMaterialUpdate":false,"showSkybox":true,"showFlares":true,"showImageEffects":true,"showParticleSystems":true},"in2DMode":false,"pivot":{"x":-0.017024457454681398,"y":0.004049479961395264,"z":-0.02370762825012207},"rotation":{"x":0.11911412328481674,"y":-0.0044679488055408,"z":0.0005372739396989346,"w":0.9928703904151917},"size":3.583662986755371,"orthographic":false}