{"cameraMode":{"drawMode":0,"name":"Shaded","section":"Shading Mode"},"sceneLighting":false,"audioPlay":false,"sceneViewState":{"showFog":true,"showMaterialUpdate":false,"showSkybox":true,"showFlares":true,"showImageEffects":true,"showParticleSystems":true},"in2DMode":false,"pivot":{"x":-0.1838444471359253,"y":0.15958786010742188,"z":0.16932785511016847},"rotation":{"x":-0.4028126299381256,"y":-0.3584197759628296,"z":0.17526990175247193,"w":-0.8237462043762207},"size":2.914733409881592,"orthographic":false}