{"cameraMode":{"drawMode":0,"name":"Shaded","section":"Shading Mode"},"sceneLighting":false,"audioPlay":false,"sceneViewState":{"showFog":true,"showMaterialUpdate":false,"showSkybox":true,"showFlares":true,"showImageEffects":true,"showParticleSystems":true},"in2DMode":false,"pivot":{"x":-0.29976359009742739,"y":0.4887533485889435,"z":0.0949796587228775},"rotation":{"x":-0.2706753611564636,"y":-0.05166840925812721,"z":0.01455012522637844,"w":-0.9611730575561523},"size":4.271146297454834,"orthographic":false}