{"cameraMode":{"drawMode":0,"name":"Shaded","section":"Shading Mode"},"sceneLighting":true,"audioPlay":false,"sceneViewState":{"showFog":true,"showMaterialUpdate":false,"showSkybox":true,"showFlares":true,"showImageEffects":true,"showParticleSystems":true},"in2DMode":false,"pivot":{"x":-7.94688606262207,"y":-14.775459289550782,"z":-21.390228271484376},"rotation":{"x":-0.14064042270183564,"y":-0.705772876739502,"z":0.14623767137527467,"w":-0.6787632703781128},"size":81.2218017578125,"orthographic":false}