{"cameraMode":{"drawMode":0,"name":"Shaded","section":"Shading Mode"},"sceneLighting":true,"audioPlay":false,"sceneViewState":{"showFog":true,"showMaterialUpdate":false,"showSkybox":true,"showFlares":true,"showImageEffects":true,"showParticleSystems":true},"in2DMode":false,"pivot":{"x":0.4161248207092285,"y":-0.9443687796592712,"z":-0.9815753698348999},"rotation":{"x":0.7249037623405457,"y":-0.002076051663607359,"z":0.0021656746976077558,"w":0.6888437271118164},"size":13.975044250488282,"orthographic":true}