{"cameraMode":{"drawMode":0,"name":"Shaded","section":"Shading Mode"},"sceneLighting":false,"audioPlay":false,"sceneViewState":{"showFog":true,"showMaterialUpdate":false,"showSkybox":true,"showFlares":true,"showImageEffects":true,"showParticleSystems":true},"in2DMode":false,"pivot":{"x":-3.0,"y":0.20756909251213075,"z":7.999447822570801},"rotation":{"x":0.23671112954616548,"y":0.3137359321117401,"z":-0.08107822388410568,"w":0.9159497618675232},"size":3.677621364593506,"orthographic":false}