{"cameraMode":{"drawMode":0,"name":"Shaded","section":"Shading Mode"},"sceneLighting":false,"audioPlay":false,"sceneViewState":{"showFog":true,"showMaterialUpdate":false,"showSkybox":true,"showFlares":true,"showImageEffects":true,"showParticleSystems":true},"in2DMode":false,"pivot":{"x":-0.12859129905700684,"y":0.5412335395812988,"z":-0.38821715116500857},"rotation":{"x":-0.1943921595811844,"y":-0.22947810590267182,"z":0.0468301959335804,"w":-0.9525536894798279},"size":2.0355517864227297,"orthographic":false}